first_name,last_name,email,password
Raphael,Jambalos,raphael.jambalos@gmail.com,jambyiscool
Ana,Jambalos,ana.jambalos@gmail.com,anaiscool
John,Jambalos,john.jambalos@gmail.com,johniscool
Miguel,Jambalos,miguel.jambalos@gmail.com,migueliscool
Ysabelle,Jambalos,ysabelle.jambalos@gmail.com,ysabelleiscool
Edcel,Celiz,edcel.celiz@gmail.com,edceliscool